-- Query memasukkan data pada tabel peminjamanskripsi
-- Peminjaman skripsi dengan status peminjaman kembali:

INSERT INTO Peminjamanskripsi VALUES 
('PS008','S001','Budi Santoso','0908093845', 2010 ,'02/10/2023','15/10/2023','Kembali'),
('PS009','S002','Siti Rahayu','0908093846', 2011 ,'03/10/2023','16/10/2023','Kembali'),
('PS010','S003','Ahmad Yudianto','0908093847', 2012 ,'04/10/2023','17/10/2023','Kembali'),
('PS011','S004','Dewi Kusuma','0908093848', 2013 ,'05/10/2023','18/10/2023','Kembali'),
('PS012','S005','Rudi Setiawan','0908093849', 2014 ,'06/10/2023','19/10/2023','Kembali'),
('PS013','S006','Sri Lestari','0908093850', 2015 ,'07/10/2023','20/10/2023','Kembali'),
('PS014','S007','Rahmat Hidayat','0908093851', 2016 ,'08/10/2023','21/10/2023','Kembali'),
('PS015','S008','Dina Rahmawati','0908093852', 2017 ,'09/10/2023','22/10/2023','Kembali'),
('PS016','S009','Hendra Saputra','0908093853', 2018 ,'10/10/2023','23/10/2023','Kembali'),
('PS017','S010','Nia Fitriani','0908093854', 2019 ,'11/10/2023','24/10/2023','Kembali'),
('PS018','S011','Adi Nugroho','0908093855', 2020 ,'12/10/2023','25/10/2023','Kembali'),
('PS019','S012','Rina Sari','0908093856', 2021 ,'13/10/2023','26/10/2023','Kembali'),
('PS020','S013','Eko Prasetyo','0908093857', 2010 ,'14/10/2023','27/10/2023','Kembali'),
('PS021','S014','Maya Indah','0908093858', 2011 ,'15/10/2023','28/10/2023','Kembali'),
('PS022','S015','M. Ridwan','0908093859', 2012 ,'16/10/2023','29/10/2023','Kembali'),
('PS023','S016','Lina Anggraeni','0908093860', 2013 ,'17/10/2023','30/10/2023','Kembali'),
('PS024','S017','Firman Syahputra','0908093861', 2014 ,'18/10/2023','31/10/2023','Kembali'),
('PS025','S018','Nurul Hasanah','0908093862', 2015 ,'19/10/2023','01/11/2023','Kembali'),
('PS026','S019','Rizki Amelia','0908093863', 2016 ,'20/10/2023','02/11/2023','Kembali'),
('PS027','S020','Haryono Wibowo','0908093864', 2017 ,'21/10/2023','03/11/2023','Kembali'),
('PS028','S021','Ratna Dewi','0908093865', 2018 ,'22/10/2023','04/11/2023','Kembali'),
('PS029','S022','Irfan Abdullah','0908093866', 2019 ,'23/10/2023','05/11/2023','Kembali'),
('PS030','S023','Ani Widarti','0908093867', 2020 ,'24/10/2023','06/11/2023','Kembali'),
('PS031','S024','Robby Susanto','0908093868', 2021 ,'25/10/2023','07/11/2023','Kembali'),
('PS032','S025','Citra Utami','0908093869', 2010 ,'26/10/2023','08/11/2023','Kembali'),
('PS033','S026','Hendra Kurniawan','0908093870', 2011 ,'27/10/2023','09/11/2023','Kembali'),
('PS034','S027','Ayu Septiani','0908093871', 2012 ,'28/10/2023','10/11/2023','Kembali'),
('PS035','S028','Didik Prabowo','0908093872', 2013 ,'29/10/2023','11/11/2023','Kembali'),
('PS036','S029','Lia Agustina','0908093873', 2014 ,'30/10/2023','12/11/2023','Kembali'),
('PS037','S030','Andi Saputra','0908093874', 2015 ,'31/10/2023','13/11/2023','Kembali'),
('PS038','S031','Lina Novitasari','0908093875', 2016 ,'01/11/2023','14/11/2023','Kembali'),
('PS039','S032','Heru Santoso','0908093876', 2017 ,'02/11/2023','15/11/2023','Kembali'),
('PS040','S033','Eva Nurmalasari','0908093877', 2018 ,'03/11/2023','16/11/2023','Kembali'),
('PS041','S034','Yusuf Wijaya','0908093878', 2019 ,'04/11/2023','17/11/2023','Kembali'),
('PS042','S035','Nurhayati','0908093879', 2020 ,'05/11/2023','18/11/2023','Kembali'),
('PS043','S036','Hafidz Rahman','0908093880', 2021 ,'06/11/2023','19/11/2023','Kembali'),
('PS044','S001','Dewi Purnama','0908093881', 2010 ,'07/11/2023','20/11/2023','Kembali'),
('PS045','S002','Agus Setiawan','0908093882', 2011 ,'08/11/2023','21/11/2023','Kembali'),
('PS046','S003','Rina Agustina','0908093883', 2012 ,'09/11/2023','22/11/2023','Kembali'),
('PS047','S004','Hendro Susanto','0908093884', 2013 ,'10/11/2023','24/10/2023','Kembali'),
('PS048','S005','Dian Fitriani','0908093885', 2014 ,'11/11/2023','25/10/2023','Kembali'),
('PS049','S006','Ricky Permana','0908093886', 2015 ,'12/11/2023','26/10/2023','Kembali'),
('PS050','S007','Siti Rohani','0908093887', 2016 ,'13/11/2023','27/10/2023','Kembali'),
('PS051','S008','Bambang Sugiarto','0908093888', 2017 ,'14/11/2023','28/10/2023','Kembali'),
('PS052','S009','Fitriani Sari','0908093889', 2018 ,'15/11/2023','29/10/2023','Kembali'),
('PS053','S010','Arief Santoso','0908093890', 2019 ,'16/11/2023','30/10/2023','Kembali'),
('PS054','S011','Lina Wahyuni','0908093891', 2020 ,'17/11/2023','31/10/2023','Kembali'),
('PS055','S012','Arifin','0908093892', 2021 ,'18/11/2023','01/11/2023','Kembali'),
('PS056','S013','Yuni Susanti','0908093893', 2010 ,'19/11/2023','02/11/2023','Kembali'),
('PS057','S014','Irfan Setiawan','0908093894', 2011 ,'20/11/2023','03/11/2023','Kembali'),
('PS058','S015','Linda Kusuma','0908093895', 2012 ,'21/11/2023','04/11/2023','Kembali'),
('PS059','S016','Joko Nugroho','0908093896', 2013 ,'22/11/2023','05/11/2023','Kembali'),
('PS060','S017','Susi Rahmawati','0908093897', 2014 ,'23/11/2023','06/11/2023','Kembali'),
('PS061','S018','Ryan Aditya','0908093898', 2015 ,'24/11/2023','07/11/2023','Kembali'),
('PS062','S019','Astuti','0908093899', 2016 ,'25/11/2023','08/11/2023','Kembali'),
('PS063','S020','Dodi Prasetyo','0908093900', 2017 ,'26/11/2023','09/11/2023','Kembali'),
('PS064','S021','Dewi Sri Utami','0908093901', 2018 ,'27/11/2023','10/11/2023','Kembali'),
('PS065','S022','Aldi Hermawan','0908093902', 2019 ,'28/11/2023','11/11/2023','Kembali'),
('PS066','S023','Nadia Fitri','0908093903', 2020 ,'29/11/2023','12/11/2023','Kembali'),
('PS067','S024','Yanto Setiawan','0908093904', 2021 ,'30/11/2023','13/11/2023','Kembali'),
('PS068','S025','Siti Nurhayati','0908093905', 2010 ,'01/12/2023','14/11/2023','Kembali'),
('PS069','S026','Heru Wijaya','0908093906', 2011 ,'11/10/2023','15/11/2023','Kembali'),
('PS070','S027','Citra Ramadhani','0908093907', 2012 ,'12/10/2023','16/11/2023','Kembali'),
('PS071','S028','Rendi Saputra','0908093908', 2013 ,'13/10/2023','17/11/2023','Kembali'),
('PS072','S029','Evi Rosiana','0908093909', 2014 ,'14/10/2023','18/11/2023','Kembali'),
('PS073','S030','Rizal Efendi','0908093910', 2015 ,'15/10/2023','19/11/2023','Kembali'),
('PS074','S031','Hani Permata','0908093911', 2016 ,'16/10/2023','20/11/2023','Kembali'),
('PS075','S032','Yoga Pratama','0908093912', 2017 ,'17/10/2023','21/11/2023','Kembali');

-- Peminjaman skripsi dengan status peminjaman dipinjam dan tanpa tanggal kembali:

INSERT INTO Peminjamanskripsi (kodepinjams, kodeskripsi, nama, nim, angkatan, tglpinjam, status) VALUES ('PS076','S033','Dewi Wahyuni','0908093913', 2018 ,'18/10/2023','Dipinjam'),
('PS077','S034','Fahmi Setiawan','0908093914', 2019 ,'19/10/2023','Dipinjam'),
('PS078','S035','Rita Susanti','0908093915', 2020 ,'20/10/2023','Dipinjam'),
('PS079','S036','Achmad Iqbal','0908093916', 2021 ,'21/10/2023','Dipinjam'),
('PS080','S001','Desi Rosmalinda','0908093917', 2010 ,'22/10/2023','Dipinjam'),
('PS081','S002','Muhammad Haris','0908093918', 2011 ,'23/10/2023','Dipinjam'),
('PS082','S003','Rini Kurniati','0908093919', 2012 ,'24/10/2023','Dipinjam'),
('PS083','S004','Agung Prasetya','0908093920', 2013 ,'25/10/2023','Dipinjam'),
('PS084','S005','Sari Ramadhani','0908093921', 2014 ,'26/10/2023','Dipinjam'),
('PS085','S006','Andre Setiawan','0908093922', 2015 ,'27/10/2023','Dipinjam'),
('PS086','S007','Intan Permata','0908093923', 2016 ,'28/10/2023','Dipinjam'),
('PS087','S008','Ridwan Ramadhan','0908093924', 2017 ,'29/10/2023','Dipinjam'),
('PS088','S009','Laila Nurjannah','0908093925', 2018 ,'30/10/2023','Dipinjam'),
('PS089','S010','Eko Prasetya','0908093926', 2019 ,'31/10/2023','Dipinjam'),
('PS090','S011','Rina Sulistiani','0908093927', 2020 ,'01/11/2023','Dipinjam'),
('PS091','S012','Rahmat Hidayat','0908093928', 2021 ,'02/11/2023','Dipinjam'),
('PS092','S013','Dina Wijaya','0908093929', 2022 ,'03/11/2023','Dipinjam'),
('PS093','S014','Hendra Setiawan','0908093930', 2023 ,'04/11/2023','Dipinjam'),
('PS094','S015','Nia Anggraeni','0908093931', 2008 ,'05/11/2023','Dipinjam'),
('PS095','S016','Adi Kurniawan','0908093932', 2010 ,'06/11/2023','Dipinjam'),
('PS096','S017','Rina Yulianti','0908093933', 2011 ,'07/11/2023','Dipinjam'),
('PS097','S018','Haryanto','0908093934', 2012 ,'08/11/2023','Dipinjam'),
('PS098','S019','Susi Wijayanti','0908093935', 2013 ,'09/11/2023','Dipinjam'),
('PS099','S020','Rizki Pratama','0908093936', 2014 ,'10/11/2023','Dipinjam'),
('PS100','S021','Lina Susanti','0908093937', 2015 ,'11/11/2023','Dipinjam'),
('PS101','S022','Fauzi Rahman','0908093938', 2016 ,'12/11/2023','Dipinjam'),
('PS102','S023','Nurul Hidayah','0908093939', 2017 ,'13/11/2023','Dipinjam'),
('PS103','S024','Arif Budiman','0908093940', 2018 ,'14/11/2023','Dipinjam'),
('PS104','S025','Ria Utami','0908093941', 2019 ,'15/11/2023','Dipinjam'),
('PS105','S026','Rizky Maulana','0908093942', 2020 ,'16/11/2023','Dipinjam'),
('PS106','S027','Nisa Fitriani','0908093943', 2021 ,'17/11/2023','Dipinjam'),
('PS107','S028','Yusuf Pratama','0908093944', 2022 ,'18/11/2023','Dipinjam');


-- Query memasukkan data pada tabel peminjamanbuku
-- Peminjaman buku dengan status peminjaman dipinjam tanpa tanggal kembali:

INSERT INTO Peminjamanbuku (kodepinjamb, kodebuku, nama, nim, angkatan, tglpinjam, status) VALUES ('PB078','B009','Dewi Wahyuni','0908093913', 2018 ,'18/10/2023','Dipinjam'),
('PB079','B010','Fahmi Setiawan','0908093914', 2019 ,'19/10/2023','Dipinjam'),
('PB080','B011','Rita Susanti','0908093915', 2020 ,'20/10/2023','Dipinjam'),
('PB081','B012','Achmad Iqbal','0908093916', 2021 ,'21/10/2023','Dipinjam'),
('PB082','B013','Desi Rosmalinda','0908093917', 2010 ,'22/10/2023','Dipinjam'),
('PB083','B014','Muhammad Haris','0908093918', 2011 ,'23/10/2023','Dipinjam'),
('PB084','B015','Rini Kurniati','0908093919', 2012 ,'24/10/2023','Dipinjam'),
('PB085','B016','Agung Prasetya','0908093920', 2013 ,'25/10/2023','Dipinjam'),
('PB086','B017','Sari Ramadhani','0908093921', 2014 ,'26/10/2023','Dipinjam'),
('PB087','B018','Andre Setiawan','0908093922', 2015 ,'27/10/2023','Dipinjam'),
('PB088','B019','Intan Permata','0908093923', 2016 ,'28/10/2023','Dipinjam'),
('PB089','B020','Ridwan Ramadhan','0908093924', 2017 ,'29/10/2023','Dipinjam'),
('PB090','B021','Laila Nurjannah','0908093925', 2018 ,'30/10/2023','Dipinjam'),
('PB091','B022','Eko Prasetya','0908093926', 2019 ,'31/10/2023','Dipinjam'),
('PB092','B023','Rina Sulistiani','0908093927', 2020 ,'01/11/2023','Dipinjam'),
('PB093','B024','Rahmat Hidayat','0908093928', 2021 ,'02/11/2023','Dipinjam'),
('PB094','B001','Dina Wijaya','0908093929', 2022 ,'03/11/2023','Dipinjam'),
('PB095','B002','Hendra Setiawan','0908093930', 2023 ,'04/11/2023','Dipinjam'),
('PB096','B003','Nia Anggraeni','0908093931', 2008 ,'05/11/2023','Dipinjam'),
('PB097','B004','Adi Kurniawan','0908093932', 2010 ,'06/11/2023','Dipinjam'),
('PB098','B005','Rina Yulianti','0908093933', 2011 ,'07/11/2023','Dipinjam'),
('PB099','B006','Haryanto','0908093934', 2012 ,'08/11/2023','Dipinjam'),
('PB100','B007','Susi Wijayanti','0908093935', 2013 ,'09/11/2023','Dipinjam'),
('PB101','B008','Rizki Pratama','0908093936', 2014 ,'10/11/2023','Dipinjam'),
('PB102','B009','Lina Susanti','0908093937', 2015 ,'11/11/2023','Dipinjam'),
('PB103','B010','Fauzi Rahman','0908093938', 2016 ,'12/11/2023','Dipinjam'),
('PB104','B011','Nurul Hidayah','0908093939', 2017 ,'13/11/2023','Dipinjam'),
('PB105','B012','Arif Budiman','0908093940', 2018 ,'14/11/2023','Dipinjam'),
('PB106','B013','Ria Utami','0908093941', 2019 ,'15/11/2023','Dipinjam'),
('PB107','B014','Rizky Maulana','0908093942', 2020 ,'16/11/2023','Dipinjam'),
('PB108','B015','Nisa Fitriani','0908093943', 2021 ,'17/11/2023','Dipinjam'),
('PB109','B016','Yusuf Pratama','0908093944', 2022 ,'18/11/2023','Dipinjam');

-- Peminjaman buku dengan status peminjaman kembali :

INSERT INTO Peminjamanbuku VALUES ('PB010','B001','Budi Santoso','0908093845', 2010 ,'02/10/2023','15/10/2023','Kembali'),
('PB011','B002','Siti Rahayu','0908093846', 2011 ,'03/10/2023','16/10/2023','Kembali'),
('PB012','B003','Ahmad Yudianto','0908093847', 2012 ,'04/10/2023','17/10/2023','Kembali'),
('PB013','B004','Dewi Kusuma','0908093848', 2013 ,'05/10/2023','18/10/2023','Kembali'),
('PB014','B005','Rudi Setiawan','0908093849', 2014 ,'06/10/2023','19/10/2023','Kembali'),
('PB015','B006','Sri Lestari','0908093850', 2015 ,'07/10/2023','20/10/2023','Kembali'),
('PB016','B007','Rahmat Hidayat','0908093851', 2016 ,'08/10/2023','21/10/2023','Kembali'),
('PB017','B008','Dina Rahmawati','0908093852', 2017 ,'09/10/2023','22/10/2023','Kembali'),
('PB018','B009','Hendra Saputra','0908093853', 2018 ,'10/10/2023','23/10/2023','Kembali'),
('PB019','B010','Nia Fitriani','0908093854', 2019 ,'11/10/2023','24/10/2023','Kembali'),
('PB020','B011','Adi Nugroho','0908093855', 2020 ,'12/10/2023','25/10/2023','Kembali'),
('PB021','B012','Rina Sari','0908093856', 2021 ,'13/10/2023','26/10/2023','Kembali'),
('PB022','B013','Eko Prasetyo','0908093857', 2010 ,'14/10/2023','27/10/2023','Kembali'),
('PB023','B014','Maya Indah','0908093858', 2011 ,'15/10/2023','28/10/2023','Kembali'),
('PB024','B015','M. Ridwan','0908093859', 2012 ,'16/10/2023','29/10/2023','Kembali'),
('PB025','B016','Lina Anggraeni','0908093860', 2013 ,'17/10/2023','30/10/2023','Kembali'),
('PB026','B017','Firman Syahputra','0908093861', 2014 ,'18/10/2023','31/10/2023','Kembali'),
('PB027','B018','Nurul Hasanah','0908093862', 2015 ,'19/10/2023','01/11/2023','Kembali'),
('PB028','B019','Rizki Amelia','0908093863', 2016 ,'20/10/2023','02/11/2023','Kembali'),
('PB029','B020','Haryono Wibowo','0908093864', 2017 ,'21/10/2023','03/11/2023','Kembali'),
('PB030','B021','Ratna Dewi','0908093865', 2018 ,'22/10/2023','04/11/2023','Kembali'),
('PB031','B022','Irfan Abdullah','0908093866', 2019 ,'23/10/2023','05/11/2023','Kembali'),
('PB032','B023','Ani Widarti','0908093867', 2020 ,'24/10/2023','06/11/2023','Kembali'),
('PB033','B024','Robby Susanto','0908093868', 2021 ,'25/10/2023','07/11/2023','Kembali'),
('PB034','B001','Citra Utami','0908093869', 2010 ,'26/10/2023','08/11/2023','Kembali'),
('PB035','B002','Hendra Kurniawan','0908093870', 2011 ,'27/10/2023','09/11/2023','Kembali'),
('PB036','B003','Ayu Septiani','0908093871', 2012 ,'28/10/2023','10/11/2023','Kembali'),
('PB037','B004','Didik Prabowo','0908093872', 2013 ,'29/10/2023','11/11/2023','Kembali'),
('PB038','B005','Lia Agustina','0908093873', 2014 ,'30/10/2023','12/11/2023','Kembali'),
('PB039','B006','Andi Saputra','0908093874', 2015 ,'31/10/2023','13/11/2023','Kembali'),
('PB040','B007','Lina Novitasari','0908093875', 2016 ,'01/11/2023','14/11/2023','Kembali'),
('PB041','B008','Heru Santoso','0908093876', 2017 ,'02/11/2023','15/11/2023','Kembali'),
('PB042','B009','Eva Nurmalasari','0908093877', 2018 ,'03/11/2023','16/11/2023','Kembali'),
('PB043','B010','Yusuf Wijaya','0908093878', 2019 ,'04/11/2023','17/11/2023','Kembali'),
('PB044','B011','Nurhayati','0908093879', 2020 ,'05/11/2023','18/11/2023','Kembali'),
('PB045','B012','Hafidz Rahman','0908093880', 2021 ,'06/11/2023','19/11/2023','Kembali'),
('PB046','B013','Dewi Purnama','0908093881', 2010 ,'07/11/2023','20/11/2023','Kembali'),
('PB047','B014','Agus Setiawan','0908093882', 2011 ,'08/11/2023','21/11/2023','Kembali'),
('PB048','B015','Rina Agustina','0908093883', 2012 ,'09/11/2023','22/11/2023','Kembali'),
('PB049','B016','Hendro Susanto','0908093884', 2013 ,'10/11/2023','24/10/2023','Kembali'),
('PB050','B017','Dian Fitriani','0908093885', 2014 ,'11/11/2023','25/10/2023','Kembali'),
('PB051','B018','Ricky Permana','0908093886', 2015 ,'12/11/2023','26/10/2023','Kembali'),
('PB052','B019','Siti Rohani','0908093887', 2016 ,'13/11/2023','27/10/2023','Kembali'),
('PB053','B020','Bambang Sugiarto','0908093888', 2017 ,'14/11/2023','28/10/2023','Kembali'),
('PB054','B021','Fitriani Sari','0908093889', 2018 ,'15/11/2023','29/10/2023','Kembali'),
('PB055','B022','Arief Santoso','0908093890', 2019 ,'16/11/2023','30/10/2023','Kembali'),
('PB056','B023','Lina Wahyuni','0908093891', 2020 ,'17/11/2023','31/10/2023','Kembali'),
('PB057','B024','Arifin','0908093892', 2021 ,'18/11/2023','01/11/2023','Kembali'),
('PB058','B049','Yuni Susanti','0908093893', 2010 ,'19/11/2023','02/11/2023','Kembali'),
('PB059','B050','Irfan Setiawan','0908093894', 2011 ,'20/11/2023','03/11/2023','Kembali'),
('PB060','B051','Linda Kusuma','0908093895', 2012 ,'21/11/2023','04/11/2023','Kembali'),
('PB061','B052','Joko Nugroho','0908093896', 2013 ,'22/11/2023','05/11/2023','Kembali'),
('PB062','B053','Susi Rahmawati','0908093897', 2014 ,'23/11/2023','06/11/2023','Kembali'),
('PB063','B054','Ryan Aditya','0908093898', 2015 ,'24/11/2023','07/11/2023','Kembali'),
('PB064','B055','Astuti','0908093899', 2016 ,'25/11/2023','08/11/2023','Kembali'),
('PB065','B056','Dodi Prasetyo','0908093900', 2017 ,'26/11/2023','09/11/2023','Kembali'),
('PB066','B057','Dewi Sri Utami','0908093901', 2018 ,'27/11/2023','10/11/2023','Kembali'),
('PB067','B058','Aldi Hermawan','0908093902', 2019 ,'28/11/2023','11/11/2023','Kembali'),
('PB068','B059','Nadia Fitri','0908093903', 2020 ,'29/11/2023','12/11/2023','Kembali'),
('PB069','B060','Yanto Setiawan','0908093904', 2021 ,'30/11/2023','13/11/2023','Kembali'),
('PB070','B001','Siti Nurhayati','0908093905', 2010 ,'01/12/2023','14/11/2023','Kembali'),
('PB071','B002','Heru Wijaya','0908093906', 2011 ,'11/10/2023','15/11/2023','Kembali'),
('PB072','B003','Citra Ramadhani','0908093907', 2012 ,'12/10/2023','16/11/2023','Kembali'),
('PB073','B004','Rendi Saputra','0908093908', 2013 ,'13/10/2023','17/11/2023','Kembali'),
('PB074','B005','Evi Rosiana','0908093909', 2014 ,'14/10/2023','18/11/2023','Kembali'),
('PB075','B006','Rizal Efendi','0908093910', 2015 ,'15/10/2023','19/11/2023','Kembali'),
('PB076','B007','Hani Permata','0908093911', 2016 ,'16/10/2023','20/11/2023','Kembali'),
('PB077','B008','Yoga Pratama','0908093912', 2017 ,'17/10/2023','21/11/2023','Kembali');


-- Query memasukkan data pada tabel skripsi

INSERT INTO Skripsi VALUES ('S005','Analisis Algoritma Sorting','Budi Santoso', 2010 , 202 ),
('S006','Sistem Informasi Perpustakaan','Siti Rahayu', 2011 , 242 ),
('S007','Pengembangan Aplikasi Mobile','Ahmad Yudianto', 2012 , 247 ),
('S008','Implementasi Blockchain','Dewi Kusuma', 2013 , 726 ),
('S009','Analisis Keamanan Jaringan','Rudi Setiawan', 2014 , 352 ),
('S010','Sistem Pendukung Keputusan','Sri Lestari', 2015 , 783 ),
('S011','Pengenalan Pola Wajah','Rahmat Hidayat', 2016 , 145 ),
('S012','Rekayasa Perangkat Lunak','Dina Rahmawati', 2017 , 1093 ),
('S013','Deteksi Intrusi Komputer','Hendra Saputra', 2018 , 894 ),
('S014','Manajemen Proyek TI','Nia Fitriani', 2019 , 321 ),
('S015','Sistem Pakar Diagnosa Penyakit','Adi Nugroho', 2020 , 732 ),
('S016','Pengolahan Citra Digital','Rina Sari', 2021 , 986 ),
('S017','Evaluasi Kinerja Sistem','Eko Prasetyo', 2010 , 874 ),
('S018','Pengembangan Website E-Commerce','Maya Indah', 2011 , 290 ),
('S019','Sistem Manajemen Database','M. Ridwan', 2012 , 210 ),
('S020','Penerapan Teknologi IoT','Lina Anggraeni', 2013 , 202 ),
('S021','Analisis Big Data','Firman Syahputra', 2014 , 242 ),
('S022','Optimasi Algoritma','Nurul Hasanah', 2015 , 247 ),
('S023','Keamanan Aplikasi Web','Rizki Amelia', 2016 , 726 ),
('S024','Sistem Informasi Geografis','Haryono Wibowo', 2017 , 352 ),
('S025','Pengembangan Game Edukasi','Ratna Dewi', 2018 , 783 ),
('S026','Manajemen Basis Data Terdistribusi','Irfan Abdullah', 2019 , 145 ),
('S027','Pemodelan dan Simulasi','Ani Widarti', 2020 , 1093 ),
('S028','Desain Antarmuka Pengguna','Robby Susanto', 2021 , 894 ),
('S029','Pengembangan Aplikasi GIS','Citra Utami', 2010 , 321 ),
('S030','Pengenalan Pola Suara','Hendra Kurniawan', 2011 , 732 ),
('S031','Sistem Informasi Akademik','Ayu Septiani', 2012 , 986 ),
('S032','Analisis Kinerja Jaringan','Didik Prabowo', 2013 , 874 ),
('S033','Pengembangan Aplikasi AI','Lia Agustina', 2014 , 290 ),
('S034','Rekayasa Keamanan Perangkat Lunak','Andi Saputra', 2015 , 210 ),
('S035','Pengolahan Bahasa Alami','Lina Novitasari', 2016 , 202 ),
('S036','Pengembangan Sistem ERP','Heru Santoso', 2017 , 242 ),
('S037','Penerapan Machine Learning','Eva Nurmalasari', 2018 , 247 ),
('S038','Deteksi Penipuan Online','Yusuf Wijaya', 2019 , 726 ),
('S039','Sistem Pemantauan Lingkungan','Nurhayati', 2020 , 352 ),
('S040','Pengolahan Big Data','Hafidz Rahman', 2021 , 783 ),
('S041','Sistem Rekomendasi','Dewi Purnama', 2010 , 145 ),
('S042','Analisis Sentimen','Agus Setiawan', 2011 , 1093 ),
('S043','Pengembangan Aplikasi AR/VR','Rina Agustina', 2012 , 894 ),
('S044','Sistem Manajemen Pengetahuan','Hendro Susanto', 2013 , 321 ),
('S045','Optimasi Sistem Distribusi','Dian Fitriani', 2014 , 732 ),
('S046','Keamanan Sistem Operasi','Ricky Permana', 2015 , 986 ),
('S047','Desain Sistem Terdistribusi','Siti Rohani', 2016 , 874 ),
('S048','Pengembangan Aplikasi Chatbot','Bambang Sugiarto', 2017 , 290 ),
('S049','Manajemen Proses Bisnis','Fitriani Sari', 2018 , 210 ),
('S050','Pengenalan Pola Sidik Jari','Arief Santoso', 2019 , 202 ),
('S051','Sistem Pendukung Keputusan','Lina Wahyuni', 2020 , 242 ),
('S052','Pemodelan Sistem Informasi','Arifin', 2021 , 247 ),
('S053','Analisis Jejaring Sosial','Yuni Susanti', 2010 , 726 ),
('S054','Pengolahan Data Citra Medis','Irfan Setiawan', 2011 , 352 ),
('S055','Penerapan Teknologi Blockchain','Linda Kusuma', 2012 , 783 ),
('S056','Optimasi Algoritma Genetika','Joko Nugroho', 2013 , 145 ),
('S057','Keamanan Sistem Cloud','Susi Rahmawati', 2014 , 1093 ),
('S058','Desain Algoritma Paralel','Ryan Aditya', 2015 , 894 ),
('S059','Pengembangan Aplikasi POS','Astuti', 2016 , 321 ),
('S060','Analisis Predictive Analytics','Dodi Prasetyo', 2017 , 732 ),
('S061','Sistem Informasi Manufaktur','Dewi Sri Utami', 2018 , 986 ),
('S062','Penerapan Teknologi RFID','Aldi Hermawan', 2019 , 874 ),
('S063','Manajemen Penyimpanan Data','Nadia Fitri', 2020 , 290 ),
('S064','Pengembangan Aplikasi CMS','Yanto Setiawan', 2021 , 210 ),
('S065','Rekayasa Kualitas Perangkat Lunak','Siti Nurhayati', 2010 , 202 ),
('S066','Pengolahan Citra 3D','Heru Wijaya', 2011 , 242 ),
('S067','Sistem Pendukung Keputusan','Citra Ramadhani', 2012 , 247 ),
('S068','Pemodelan Sistem Keamanan','Rendi Saputra', 2013 , 726 ),
('S069','Analisis Performa Aplikasi','Evi Rosiana', 2014 , 352 ),
('S070','Pengembangan Aplikasi Edukasi','Rizal Efendi', 2015 , 783 ),
('S071','Optimasi Jaringan Sensor','Hani Permata', 2016 , 145 ),
('S072','Keamanan Internet of Things','Yoga Pratama', 2017 , 1093 ),
('S073','Desain Sistem Informasi Geografis','Dewi Wahyuni', 2018 , 894 ),
('S074','Pengenalan Emosi Melalui Ekspresi Wajah','Fahmi Setiawan', 2019 , 321 ),
('S075','Sistem Informasi Kepegawaian','Rita Susanti', 2020 , 732 ),
('S076','Penerapan Teknologi OCR','Achmad Iqbal', 2021 , 986 ),
('S077','Analisis Kinerja Basis Data','Desi Rosmalinda', 2010 , 874 ),
('S078','Pengembangan Aplikasi Kesehatan','Muhammad Haris', 2011 , 290 ),
('S079','Rekayasa Perangkat Lunak Terbuka','Rini Kurniati', 2012 , 210 ),
('S080','Pengolahan Suara Digital','Agung Prasetya', 2013 , 202 ),
('S081','Sistem Informasi Logistik','Sari Ramadhani', 2014 , 242 ),
('S082','Pemodelan Sistem Kecerdasan Buatan','Andre Setiawan', 2015 , 247 ),
('S083','Analisis Big Data','Intan Permata', 2016 , 726 ),
('S084','Optimasi Algoritma Pencarian','Ridwan Ramadhan', 2017 , 352 ),
('S085','Keamanan Aplikasi Mobile','Laila Nurjannah', 2018 , 783 ),
('S086','Desain Sistem Basis Data Terdistribusi','Eko Prasetya', 2019 , 145 ),
('S087','Pengembangan Aplikasi Multimedia','Rina Sulistiani', 2020 , 1093 ),
('S088','Sistem Manajemen Pengetahuan','Rahmat Hidayat', 2021 , 894 ),
('S089','Penerapan Teknologi Edge Computing','Dina Wijaya', 2022 , 321 ),
('S090','Rekayasa Keamanan Jaringan','Hendra Setiawan', 2023 , 732 ),
('S091','Web App Performance','Nia Anggraeni', 2008 , 986 ),
('S092','REST API Usage','Adi Kurniawan', 2010 , 874 ),
('S093','Cloud Security','Rina Yulianti', 2011 , 290 ),
('S094','Python for Data','Haryanto', 2012 , 210 ),
('S095','Web Apps with Django','Susi Wijayanti', 2013 , 202 ),
('S096','Mobile Dev Strat','Rizki Pratama', 2014 , 242 ),
('S097','Agile Dev Strat','Lina Susanti', 2015 , 247 ),
('S098','Data Visualization','Fauzi Rahman', 2016 , 726 ),
('S099','Blockchain Basics','Nurul Hidayah', 2017 , 352 ),
('S100','Java Spring Boot','Arif Budiman', 2018 , 783 ),
('S101','IoT App Dev','Ria Utami', 2019 , 145 ),
('S102','Network Protocols','Rizky Maulana', 2020 , 1093 ),
('S103','Web Dev Best Practices','Nisa Fitriani', 2021 , 894 ),
('S104','AR/VR Tech Intro','Yusuf Pratama', 2022 , 321 );

-- Query memasukkan data pada tabel Buku

INSERT INTO Buku VALUES ('B007','Mobile App Dev' ,'App Design Tips' ,'Adrian Thompson' ,'TechPublishers' , 2010 , 202 ,'1672576125','Basis Data'),
('B008','Modern Networking' ,'Cybersecurity 101' ,'Emma Collins' ,'InnovativeBooks' , 2011 , 242 ,'1672576126','Pemrograman Dasar'),
('B009','AI Insights' ,'Python Programming' ,'Michael Turner' ,'DigitalPress' , 2012 , 247 ,'1672576127','Analisis Desain Sistem'),
('B010','InfoSec Secrets' ,'Blockchain Basics' ,'Sophia Walker' ,'BytePublications' , 2013 , 726 ,'1672576128','Keamanan Informasi'),
('B011','Python Basics' ,'UX/UI Insights' ,'Daniel Mitchell' ,'CodeCrafters' , 2014 , 352 ,'1672576129','Manajemen Proyek TI'),
('B012','UI/UX Revamp' ,'Data Science Intro' ,'Ava Johnson' ,'EpicPublishing' , 2015 , 783 ,'1672576130','Sistem Operasi'),
('B013','Algo Mastery' ,'Cloud Computing' ,'Christopher Hall' ,'QuantumBooks' , 2016 , 145 ,'1672576131','Pengembangan Aplikasi'),
('B014','Cloud Basics' ,'Java for Beginners' ,'Olivia Lee' ,'NanoPublishers' , 2017 , 1093 ,'1672576132','Integrasi Sistem'),
('B015','Blockchain Simplified' ,'Web Dev Funda' ,'Anthony Taylor' ,'CyberReads' , 2018 , 894 ,'1672576133','Big Data dan Analitika'),
('B016','Software Testing' ,'Network Security' ,'Mia Anderson' ,'SmartPress' , 2019 , 321 ,'1672576134','Artificial Intelligence'),
('B017','IoT Intro' ,'AI in Everyday Life' ,'David Lewis' ,'GigaBooks' , 2020 , 732 ,'1672576135','Machine Learning'),
('B018','Responsive Web' ,'Mobile App Trends' ,'Emily Harris' ,'TechTomes' , 2021 , 986 ,'1672576136','Basis Data'),
('B019','Java Essentials' ,'Database Design' ,'Matthew Baker' ,'LogicLibrary' , 2010 , 874 ,'1672576137','Pemrograman Dasar'),
('B020','Big Data Intro' ,'JavaScript Mastery' ,'Isabella Martin' ,'VirtualPress' , 2011 , 290 ,'1672576138','Analisis Desain Sistem'),
('B021','Efficient DB Design' ,'Big Data Analytics' ,'Andrew Adams' ,'WebWisePublications' , 2012 , 210 ,'1672576139','Keamanan Informasi'),
('B022','HTML5 Mastery' ,'Mobile Dev Strategies' ,'Abigail Wright' ,'DataDrivenBooks' , 2013 , 202 ,'1672576140','Manajemen Proyek TI'),
('B023','Data Analytics' ,'Software Testing' ,'Ryan Garcia' ,'CloudCrafters' , 2014 , 242 ,'1672576141','Sistem Operasi'),
('B024','Scala Basics' ,'Responsive Web' ,'Madison Scott' ,'InfoInsightPublishers' , 2015 , 247 ,'1672576142','Pengembangan Aplikasi'),
('B025','Microservices 101' ,'iOS App Development' ,'Nicholas Martinez' ,'AgilePress' , 2016 , 726 ,'1672576143','Integrasi Sistem'),
('B026','Web App Security' ,'Android Studio Tips' ,'Ella King' ,'GeniusBooks' , 2017 , 352 ,'1672576144','Big Data dan Analitika'),
('B027','AI Exploration' ,'Machine Learning' ,'James Miller' ,'PixelPublications' , 2018 , 783 ,'1672576145','Artificial Intelligence'),
('B028','Flutter Basics' ,'Swift Programming' ,'Avery Wilson' ,'FutureWisePress' , 2019 , 145 ,'1672576146','Machine Learning'),
('B029','Legal Tech Aspects' ,'Game Dev Concepts' ,'John Moore' ,'InnoTexts' , 2020 , 1093 ,'1672576147','Basis Data'),
('B030','ML in Business' ,'Tech Project Mgmt' ,'Grace Clark' ,'ByteBrilliance' , 2021 , 894 ,'1672576148','Pemrograman Dasar'),
('B031','Git Mastery' ,'Data Analysis Tips' ,'Robert White' ,'CodeCraftingBooks' , 2010 , 321 ,'1672576149','Analisis Desain Sistem'),
('B032','C++ Basics' ,'Web Security Tips' ,'Scarlett Turner' ,'QuantumQuill' , 2011 , 732 ,'1672576150','Keamanan Informasi'),
('B033','Software Project Mgmt' ,'Agile Development' ,'William Ward' ,'EpicTechPublishers' , 2012 , 986 ,'1672576151','Manajemen Proyek TI'),
('B034','Facial Recognition' ,'Network Protocols' ,'Sofia Turner' ,'NanoNovels' , 2013 , 874 ,'1672576152','Sistem Operasi'),
('B035','Unique UX Design' ,'IoT Applications' ,'Joseph Thompson' ,'CyberScribes' , 2014 , 290 ,'1672576153','Pengembangan Aplikasi'),
('B036','Docker Intro' ,'Cloud Security' ,'Chloe Davis' ,'SmartScriptPress' , 2015 , 210 ,'1672576154','Integrasi Sistem'),
('B037','Product Dev Strat' ,'Java Spring Boot' ,'Daniel Harris' ,'GigaGeniusPublishing' , 2016 , 202 ,'1672576155','Big Data dan Analitika'),
('B038','Blockchain Advanced' ,'AR/VR Essentials' ,'Lily Rodriguez' ,'TechTreasureTomes' , 2017 , 242 ,'1672576156','Artificial Intelligence'),
('B039','Network Security' ,'Flutter Framework' ,'Christopher Allen' ,'LogicLoomLibrary' , 2018 , 247 ,'1672576157','Machine Learning'),
('B040','Swift Basics' ,'Web Design Basics' ,'Grace Hall' ,'VirtualVisionPress' , 2019 , 726 ,'1672576158','Basis Data'),
('B041','Kubernetes Use' ,'Cryptocurrency 101' ,'Aiden Lewis' ,'WebWizardBooks' , 2020 , 352 ,'1672576159','Pemrograman Dasar'),
('B042','Cloud Data Mgmt' ,'Programming Ethics' ,'Aria Mitchell' ,'DataDesignDriven' , 2021 , 783 ,'1672576160','Analisis Desain Sistem'),
('B043','Android with Kotlin' ,'React Native Tips' ,'Matthew Walker' ,'CloudCrazeCrafters' , 2010 , 145 ,'1672576161','Keamanan Informasi'),
('B044','Introduction to DevOps' ,'Docker Basics' ,'Evelyn Scott' ,'InfoInnovateInsight' , 2011 , 1093 ,'1672576162','Manajemen Proyek TI'),
('B045','Game Dev with Unity' ,'Cybersecurity Tips' ,'Andrew Turner' ,'AgileAuthorsPress' , 2012 , 894 ,'1672576163','Sistem Operasi'),
('B046','HCI Design' ,'SEO Optimization' ,'Addison Martin' ,'GeniusGuideBooks' , 2013 , 321 ,'1672576164','Pengembangan Aplikasi'),
('B047','JavaScript Basics' ,'Mobile App Planning' ,'William Johnson' ,'PixelPerfectPublications' , 2014 , 732 ,'1672576165','Integrasi Sistem'),
('B048','Machine Learning Dive' ,'AI in Business' ,'Ella Wilson' ,'FutureForwardWisePress' , 2015 , 986 ,'1672576166','Big Data dan Analitika'),
('B049','Spring Web Apps' ,'Database Tips' ,'David Garcia' ,'InnoInsightTexts' , 2016 , 874 ,'1672576167','Artificial Intelligence'),
('B050','Neural Networks' ,'Cryptography Intro' ,'Sophia Wright' ,'ByteBrightBrilliance' , 2017 , 290 ,'1672576168','Machine Learning'),
('B051','Cryptography Intro' ,'JavaScript Tips' ,'James Adams' ,'CodeCreatorsCrafting' , 2018 , 210 ,'1672576169','Basis Data'),
('B052','IoT Tech Overview' ,'Tech Startup Strat' ,'Amelia King' ,'QuantumQuestQuill' , 2019 , 202 ,'1672576170','Pemrograman Dasar'),
('B053','DB Optimization' ,'Responsive Design' ,'Michael Moore' ,'EpicEraTechPublishers' , 2020 , 242 ,'1672576171','Analisis Desain Sistem'),
('B054','Cybersecurity Intro' ,'DevOps Insights' ,'Emily Clark' ,'NanoNovelNarratives' , 2021 , 247 ,'1672576172','Keamanan Informasi'),
('B055','Game Design Basics' ,'Kotlin Programming' ,'Daniel Baker' ,'CyberCleverScribes' , 2010 , 726 ,'1672576173','Manajemen Proyek TI'),
('B056','Data Analysis Intro' ,'IoT Security Tips' ,'Abigail Miller' ,'SmartScriptSolutions' , 2011 , 352 ,'1672576174','Sistem Operasi'),
('B057','GIS Systems Build' ,'Game Design Trends' ,'Alexander Ward' ,'TechPublishers' , 2012 , 783 ,'1672576175','Pengembangan Aplikasi'),
('B058','Graphic Design' ,'Network Security' ,'Ava White' ,'InnovativeBooks' , 2013 , 145 ,'1672576176','Integrasi Sistem'),
('B059','React Web Apps' ,'Web App Performance' ,'Nicholas Harris' ,'DigitalPress' , 2014 , 1093 ,'1672576177','Big Data dan Analitika'),
('B060','High-Performance Spark' ,'Swift iOS Development' ,'Mia Turner' ,'BytePublications' , 2015 , 894 ,'1672576178','Artificial Intelligence'),
('B061','Scalable DB Design' ,'Data Visualization' ,'Christopher Wright' ,'CodeCrafters' , 2016 , 321 ,'1672576179','Machine Learning'),
('B062','Real-Time Chat Apps' ,'Blockchain Trends' ,'Olivia Hall' ,'EpicPublishing' , 2017 , 732 ,'1672576180','Basis Data'),
('B063','Tech Business Strat' ,'Java Programming' ,'Matthew Davis' ,'QuantumBooks' , 2018 , 986 ,'1672576181','Pemrograman Dasar'),
('B064','Linux Shell Basics' ,'Android Dev Tips' ,'Isabella Walker' ,'NanoPublishers' , 2019 , 874 ,'1672576182','Analisis Desain Sistem'),
('B065','Voice Tech Intro' ,'Data Management' ,'Ryan King' ,'CyberReads' , 2020 , 290 ,'1672576183','Keamanan Informasi'),
('B066','Mobile App Flutter' ,'JavaScript Tricks' ,'Madison Adams' ,'SmartPress' , 2021 , 210 ,'1672576184','Manajemen Proyek TI'),
('B067','SEO Optimization' ,'Tech Ethics' ,'Andrew Martin' ,'GigaBooks' , 2010 , 202 ,'1672576185','Sistem Operasi'),
('B068','Tech Ethics Aspects' ,'Cloud Concepts' ,'Sofia Lewis' ,'TechTomes' , 2011 , 242 ,'1672576186','Pengembangan Aplikasi'),
('B069','Cloud Concepts' ,'Python for Data' ,'Joseph Moore' ,'LogicLibrary' , 2012 , 247 ,'1672576187','Integrasi Sistem'),
('B070','iOS App with Swift' ,'Django Framework' ,'Grace Baker' ,'VirtualPress' , 2013 , 726 ,'1672576188','Big Data dan Analitika'),
('B071','Container Dev' ,'Mobile App Security' ,'William Harris' ,'WebWisePublications' , 2014 , 352 ,'1672576189','Artificial Intelligence'),
('B072','Network Security' ,'UX/UI Design' ,'Scarlett Rodriguez' ,'DataDrivenBooks' , 2015 , 783 ,'1672576190','Machine Learning'),
('B073','Android Java Dev' ,'AI Applications' ,'Daniel Turner' ,'CloudCrafters' , 2016 , 145 ,'1672576191','Basis Data'),
('B074','Distributed Systems' ,'Database Strategies' ,'Chloe Hall' ,'InfoInsightPublishers' , 2017 , 1093 ,'1672576192','Pemrograman Dasar'),
('B075','Git Basics' ,'Web Dev Best Practices' ,'James Wilson' ,'AgilePress' , 2018 , 894 ,'1672576193','Analisis Desain Sistem'),
('B076','Jenkins Automation' ,'Java Frameworks' ,'Ella Garcia' ,'GeniusBooks' , 2019 , 321 ,'1672576194','Keamanan Informasi'),
('B077','Advanced Cryptography' ,'DevOps Strategies' ,'Christopher White' ,'PixelPublications' , 2020 , 732 ,'1672576195','Manajemen Proyek TI'),
('B078','Friendly UI Design' ,'React.js Tips' ,'Avery Scott' ,'FutureWisePress' , 2021 , 986 ,'1672576196','Sistem Operasi'),
('B079','R Programming' ,'iOS App Trends' ,'John Thompson' ,'InnoTexts' , 2010 , 874 ,'1672576197','Pengembangan Aplikasi'),
('B080','Electron Desktop Apps' ,'Security Best Practices' ,'Emma Turner' ,'ByteBrilliance' , 2011 , 290 ,'1672576198','Integrasi Sistem'),
('B081','Agile Project Mgmt' ,'Machine Learning' ,'Robert Wright' ,'CodeCraftingBooks' , 2012 , 210 ,'1672576199','Big Data dan Analitika'),
('B082','Rust Programming' ,'Data Analysis' ,'Aria Clark' ,'QuantumQuill' , 2013 , 202 ,'1672576200','Artificial Intelligence'),
('B083','Unity Game Dev' ,'Blockchain Intro' ,'David Allen' ,'EpicTechPublishers' , 2014 , 242 ,'1672576201','Machine Learning'),
('B084','IoT Concepts' ,'Java Tips and Tricks' ,'Sophia Hall' ,'NanoNovels' , 2015 , 247 ,'1672576202','Basis Data'),
('B085','Data Analysis with Pandas' ,'Android Studio Tricks' ,'Joseph Lewis' ,'CyberScribes' , 2016 , 726 ,'1672576203','Pemrograman Dasar'),
('B086','Responsive UI Design' ,'IoT Strategies' ,'Isabella Walker' ,'SmartScriptPress' , 2017 , 352 ,'1672576204','Analisis Desain Sistem'),
('B087','Go Programming' ,'Cloud Computing' ,'Andrew King' ,'GigaGeniusPublishing' , 2018 , 783 ,'1672576205','Keamanan Informasi'),
('B088','Efficient DB Mgmt' ,'Python for Beginners' ,'Madison Adams' ,'TechTreasureTomes' , 2019 , 145 ,'1672576206','Manajemen Proyek TI'),
('B089','Swift iOS Dev' ,'Web Design Trends' ,'William Martin' ,'LogicLoomLibrary' , 2020 , 1093 ,'1672576207','Sistem Operasi'),
('B090','Web Apps with Node.js' ,'Cryptocurrency Tips' ,'Ava Lewis' ,'VirtualVisionPress' , 2021 , 894 ,'1672576208','Pengembangan Aplikasi'),
('B091','Tech Project Mgmt' ,'Programming Ethics' ,'Alexander Harris' ,'WebWizardBooks' , 2022 , 321 ,'1672576209','Integrasi Sistem'),
('B092','Intro to OS' ,'Mobile App Design' ,'Grace Moore' ,'DataDesignDriven' , 2023 , 732 ,'1672576210','Big Data dan Analitika'),
('B093','Web App Performance' ,'AI in Business' ,'Nicholas Turner' ,'CloudCrazeCrafters' , 2008 , 986 ,'1672576211','Artificial Intelligence'),
('B094','REST API Usage' ,'Database Optimization' ,'Emily Scott' ,'InfoInnovateInsight' , 2010 , 874 ,'1672576212','Machine Learning'),
('B095','Cloud Security' ,'JavaScript Trends' ,'Daniel Baker' ,'AgileAuthorsPress' , 2011 , 290 ,'1672576213','Basis Data'),
('B096','Python for Data' ,'Tech Startup Success' ,'Olivia Miller' ,'GeniusGuideBooks' , 2012 , 210 ,'1672576214','Pemrograman Dasar'),
('B097','Web Apps with Django' ,'Responsive Web' ,'Christopher Ward' ,'PixelPerfectPublications' , 2013 , 202 ,'1672576215','Analisis Desain Sistem'),
('B098','Mobile Dev Strat' ,'DevOps Insights' ,'Ella Rodriguez' ,'FutureForwardWisePress' , 2014 , 242 ,'1672576216','Keamanan Informasi'),
('B099','Agile Dev Strat' ,'Kotlin Programming' ,'James Wright' ,'InnoInsightTexts' , 2015 , 247 ,'1672576217','Manajemen Proyek TI'),
('B100','Data Visualization' ,'IoT Security Tips' ,'Abigail Hall' ,'ByteBrightBrilliance' , 2016 , 726 ,'1672576218','Sistem Operasi'),
('B101','Blockchain Basics' ,'Game Design Trends' ,'Matthew Davis' ,'CodeCreatorsCrafting' , 2017 , 352 ,'1672576219','Pengembangan Aplikasi'),
('B102','Java Spring Boot' ,'Network Security' ,'Sofia Walker' ,'QuantumQuestQuill' , 2018 , 783 ,'1672576220','Integrasi Sistem'),
('B103','IoT App Dev' ,'Web App Performance' ,'Michael Moore' ,'EpicEraTechPublishers' , 2019 , 145 ,'1672576221','Big Data dan Analitika'),
('B104','Network Protocols' ,'Swift iOS Development' ,'Lily Harris' ,'NanoNovelNarratives' , 2020 , 1093 ,'1672576222','Artificial Intelligence'),
('B105','Web Dev Best Practices' ,'Data Visualization' ,'Andrew Turner' ,'CyberCleverScribes' , 2021 , 894 ,'1672576223','Machine Learning'),
('B106','AR/VR Tech Intro' ,'Blockchain Trends' ,'Amelia King' ,'SmartScriptSolutions' , 2022 , 321 ,'1672576224','Basis Data');

-- Query memasukkan data pada tabel petugas
INSERT INTO public.petugas(
	username, fullname, password)
	VALUES ('andin', 'putri roro andini', '1234'),
	('admin','mencoba','111'),
	('admin2','jarjit','222');